f_Hz,B_max_mT,I_rms_A,V_drive_V,V_cap_V,Q_kVAr,P_Cu_W,P_core_W,T_core_C,binding
3.0,143.89268570997774,115.01524316205955,6.102863234523009,0.0,0.6951028929951067,97.60574700163633,0.0001392567032579042,25.000004177701097,FS1 core sat
7.83,143.89268570997774,115.01524316205955,15.79653467786329,0.0,1.814218550717229,97.60589154145394,0.0007889764071829016,25.000023669292215,FS1 core sat
10.0,143.89268570997774,115.01524316205955,20.1631065245554,0.0,2.317009643317023,97.6059984525854,0.0012298913390389413,25.00003689674017,FS1 core sat
30.0,143.89268570997774,115.01524316205955,60.44167734076504,0.0,6.951028929951068,97.60820900954678,0.009115534944995443,25.00027346604835,FS1 core sat
50.0,143.89268570997774,115.01524316205955,100.72977389956027,0.0,11.585048216585115,97.61263012351353,0.023262690816992622,25.00069788072451,FS1 core sat
100.0,143.89268570997774,115.01524316205955,56.413058229757176,257.85906823384585,23.17009643317023,97.63335409492227,0.08343470631937952,25.00250304118958,FS1 core sat
300.0,143.89268570997774,115.01524316205955,260.54648930237033,343.8120909784612,69.51028929951067,97.85440976506852,0.6410597040614209,25.019231791121843,FS1 core sat
500.0,143.89268570997774,115.01524316205955,182.1149722996249,825.1490183483068,115.85048216585113,98.29652096856543,1.6649780825483598,25.049949342476452,FS1 core sat
1000.0,143.89268570997774,115.01524316205955,364.22697928914874,1650.2980366966135,231.70096433170227,100.36891480381976,6.119161709435788,25.183574851283073,FS1 core sat
2000.0,72.39285202606037,57.864522007423844,599.9999999999999,1427.0265792828848,117.29291321320062,27.502833643461553,5.734973334115557,25.172049200023466,FS3 V>Vmax
3000.0,73.89062766961207,59.06171301817835,600.0,2503.4472362150664,183.2948953158917,32.29578791773131,12.89334509747974,25.386800352924393,FS3 V>Vmax
