f_Hz,H_mag,H_dB,phase_deg,skin_depth_mm,t_over_delta,B_in_mT,P_eddy_W,dTdt_K_per_s,model_valid,B_out_needed_mT_for_1mT_in,P_eddy_at_that_drive_kW
3.0,0.9997096409206147,-0.002522393136549948,-1.3890219680881515,249.46498078242905,0.012025735999460585,0.9997096409206147,0.36709483360464923,5.409718273303401e-06,thin-shell OK,1.0002904434122672,0.0003673081051240017
7.83,0.9980270372165254,-0.01715386453532862,-3.6213014807163804,154.41494656574972,0.019428171085255682,0.9980270372165255,2.4922760263044585,3.6727597142201954e-05,thin-shell OK,1.0019768630607213,0.002502139542915213
10.0,0.9967879245585376,-0.027944636999861213,-4.621097564758107,136.63759728212915,0.021955889591688323,0.9967879245585376,4.055025023459201,5.975715526341303e-05,thin-shell OK,1.0032224261172555,0.004081201168044463
30.0,0.9721588134236899,-0.24525564469297625,-13.634410382970565,78.88775357226096,0.038028716298176855,0.9721588134236899,34.714023029742606,0.0005115655888693915,thin-shell OK,1.0286385168676924,0.03673081051240018
50.0,0.9279242977299352,-0.6497490622437783,-22.02429533614754,61.10619116101627,0.04909486163349518,0.9279242977299352,87.85229368489145,0.0012946413705473493,thin-shell OK,1.0776741189409418,0.10203002920111161
100.0,0.7795547684000049,-2.1630673522008226,-39.05581865035514,43.20860214243608,0.06943061916491941,0.779554768400005,248.0168955287084,0.0036549180457129756,thin-shell OK,1.2827835073762006,0.4081201168044466
300.0,0.3831861534634717,-8.33180385319845,-68.29573362265295,24.946498078242907,0.12025735999460585,0.3831861534634717,539.32447128666,0.00794779217923101,thin-shell OK,2.6096976390231905,3.6730810512400174
500.0,0.241512511797149,-12.341207305395862,-77.40227225300782,19.323474320646024,0.15525158417265947,0.241512511797149,595.1237474217578,0.008770082051254199,thin-shell OK,4.140572231884695,10.203002920111155
1000.0,0.12341695715664418,-18.172503306280525,-85.66600264077974,13.663759728212918,0.21955889591688318,0.12341695715664418,621.6381676605652,0.009160813629422901,thin-shell OK,8.10261428444369,40.812011680444634
2000.0,0.06192103518060366,-24.163235836727438,-91.95383505557551,9.661737160323012,0.31050316834531894,0.06192103518060366,625.9280438091106,0.009224031684450034,t/delta>0.3: diffusion term dominates,16.14960081147421,163.24804672177845
3000.0,0.0411667996573245,-27.709057882391033,-95.87970798937161,7.888775357226095,0.3802871629817686,0.0411667996573245,622.4790270232221,0.00917320501127586,t/delta>0.3: diffusion term dominates,24.291419501250385,367.3081051240016
