B_set_mT,label,f_Hz,B_pole_T,B_leg_T,CV_B,N_loop,wire,L_mH,R_ac_ohm,Fr,Z_ohm,I_rms_A,I_pk_A,J_A_mm2,V_uncomp_V,V_drive_V,V_cap_V,C_ser_uF,Q_kVAr,S_drive_kVA,P_Cu_W,P_core_W,P_water_W,E_water_Vpm,T_coil_C,T_core_C,status
0.5,0.5 mT,3.0,0.0006044374921269152,0.0024177499685076606,0.0625469547942157,32,Litz 2000x0.20 mm,2.7876430904264113,0.007378440605751922,1.0000002547871614,0.053061342711973505,0.39965632232995507,0.5651993913271758,0.006360727923674018,0.021206301086156697,0.021206301086156697,0.0,0.0,8.39289263405363e-06,8.475232302315116e-06,0.0011785227241991965,1.6814295707787885e-09,7.035559048602498e-11,0.0003190416931629929,25.00006481874983,25.00000000005044,OK
0.5,0.5 mT,7.83,0.0006044374921269152,0.0024177499685076606,0.0625469547942157,32,Litz 2000x0.20 mm,2.7876430904264113,0.007378451532141936,1.0000017356410953,0.1373429664066836,0.39965632232995507,0.5651993913271758,0.006360727923674018,0.054889984851981724,0.054889984851981724,0.0,0.0,2.1905449774879976e-05,2.193712947868996e-05,0.0011785244694187643,9.526351196374732e-09,4.792693179498509e-10,0.0008326988191554115,25.000064818845818,25.00000000028579,OK
0.5,0.5 mT,10.0,0.0006044374921269152,0.0024177499685076606,0.0625469547942157,32,Litz 2000x0.20 mm,2.7876430904264113,0.007378459614016803,1.0000028309778146,0.17530812412529564,0.39965632232995507,0.5651993913271758,0.006360727923674018,0.07006300016247893,0.07006300016247893,0.0,0.0,2.7976308780178768e-05,2.8001120976339374e-05,0.0011785257602976499,1.4850097825990422e-08,7.817287831780557e-10,0.0010634723105433098,25.000064818916815,25.000000000445503,OK
0.5,0.5 mT,30.0,0.0006044374921269152,0.0024177499685076606,0.0625469547942157,32,Litz 2000x0.20 mm,2.7876430904264113,0.007378626719579193,1.0000254787992033,0.5255101469950475,0.39965632232995507,0.5651993913271758,0.006360727923674018,0.21002345269511474,0.21002345269511474,0.0,0.0,8.392892634053631e-05,8.393720070716885e-05,0.0011785524512630094,1.1006385797886372e-07,7.0355590486024975e-09,0.0031904169316299288,25.000064820384818,25.000000003301917,OK
0.5,0.5 mT,50.0,0.0006044374921269152,0.0024177499685076606,0.0625469547942157,32,Litz 2000x0.20 mm,2.7876430904264113,0.007378960930707297,1.0000707744424313,0.8757949914310863,0.39965632232995507,0.5651993913271758,0.006360727923674018,0.35001700539034253,0.35001700539034253,0.0,0.0,0.00013988154390089382,0.00013988650912724834,0.0011786058331942598,2.808811017386729e-07,1.9543219579451387e-08,0.005317361552716548,25.000064823320827,25.000000008426433,OK
0.5,0.5 mT,100.0,0.0006044374921269152,0.0024177499685076606,0.0625469547942157,32,Litz 2000x0.20 mm,2.7876430904264113,0.007380527545346824,1.0002830977668826,1.751543360580116,0.39965632232995507,0.5651993913271758,0.006360727923674018,0.7000153778908996,0.19602475953315768,0.8960117290241305,709.8933772442523,0.00027976308780178763,7.834253448063559e-05,0.0011788560609932483,1.0074170876703255e-06,7.817287831780555e-08,0.010634723105433097,25.000064837083354,25.000000030222512,OK
0.5,0.5 mT,300.0,0.0006044374921269152,0.0024177499685076606,0.0625469547942157,32,Litz 2000x0.20 mm,2.7876430904264113,0.007397238099620964,1.0025478796394571,5.254588639025937,0.39965632232995507,0.5651993913271758,0.006360727923674018,2.10002957082987,0.9053500114227961,1.1946823053655073,177.47334431106307,0.0008392892634053631,0.0003618288559866175,0.0011815251572153804,7.74035804256619e-06,7.0355590486025e-07,0.03190416931629929,25.000064983883647,25.00000023221074,OK
0.5,0.5 mT,500.0,0.0006044374921269152,0.0024177499685076606,0.0625469547942157,32,Litz 2000x0.20 mm,2.7876430904264113,0.007430659197828273,1.0070774419830941,8.757642206086754,0.39965632232995507,0.5651993913271758,0.006360727923674018,3.5000470763662266,0.6328152518700143,2.8672375328772177,44.36833607776577,0.0013988154390089382,0.00025290861627667415,0.001186863348007931,2.010347306233876e-05,1.9543219579451384e-06,0.05317361552716548,25.00006527748414,25.00000060310419,OK
0.5,0.5 mT,1000.0,0.0006044374921269152,0.0024177499685076606,0.0625469547942157,32,Litz 2000x0.20 mm,2.7876430904264113,0.00758732041189484,1.0283097405611576,17.515279750776887,0.39965632232995507,0.5651993913271758,0.006360727923674018,7.000092289775823,1.2656201998455447,5.734475065754435,11.092084019441442,0.0027976308780178765,0.0005058131145367731,0.0012118860879936884,7.388469787028807e-05,7.817287831780554e-06,0.10634723105433096,25.00006665373484,25.000002216540935,OK
0.5,0.5 mT,2000.0,0.0006044374921269152,0.0024177499685076606,0.0625469547942157,32,Litz 2000x0.20 mm,2.7876430904264113,0.00821396223882586,1.113238524307524,35.03055717786046,0.39965632232995507,0.5651993913271758,0.006360727923674018,14.000183650872922,4.1440555469758875,9.856129019265435,3.2267880783829646,0.005595261756035753,0.0016561979994354336,0.001311976564075612,0.00027357728688974406,3.1269151327122215e-05,0.2126944621086619,25.000072158711024,25.000008207318608,OK
0.5,0.5 mT,3000.0,0.0006044374921269152,0.0024177499685076606,0.0625469547942157,32,Litz 2000x0.20 mm,2.7876430904264113,0.00925835451286347,1.254785037444892,52.54583513792528,0.39965632232995507,0.5651993913271758,0.006360727923674018,21.000275224979344,4.060054833224494,16.94022175186247,1.2516026485849072,0.008392892634053632,0.0016226265831044604,0.0014787923038366514,0.0005903735666530981,7.035559048602498e-05,0.31904169316299286,25.000081333576713,25.000017711207,OK
1.0,1 mT,3.0,0.0012088749842538303,0.004835499937015321,0.0625469547942157,32,Litz 2000x0.20 mm,2.7876430904264113,0.007378440605751922,1.0000002547871614,0.053061342711973505,0.7993126446599101,1.1303987826543516,0.012721455847348037,0.04241260217231339,0.04241260217231339,0.0,0.0,3.357157053621452e-05,3.3900929209260464e-05,0.004714090896796786,6.725718283115154e-09,2.814223619440999e-10,0.0006380833863259858,25.000259274999323,25.000000000201773,OK
1.0,1 mT,7.83,0.0012088749842538303,0.004835499937015321,0.0625469547942157,32,Litz 2000x0.20 mm,2.7876430904264113,0.007378451532141936,1.0000017356410953,0.1373429664066836,0.7993126446599101,1.1303987826543516,0.012721455847348037,0.10977996970396345,0.10977996970396345,0.0,0.0,8.76217990995199e-05,8.774851791475984e-05,0.004714097877675057,3.810540478549893e-08,1.9170772717994034e-09,0.001665397638310823,25.00025927538327,25.000000001143164,OK
1.0,1 mT,10.0,0.0012088749842538303,0.004835499937015321,0.0625469547942157,32,Litz 2000x0.20 mm,2.7876430904264113,0.007378459614016803,1.0000028309778146,0.17530812412529564,0.7993126446599101,1.1303987826543516,0.012721455847348037,0.14012600032495787,0.14012600032495787,0.0,0.0,0.00011190523512071507,0.0001120044839053575,0.004714103041190599,5.940039130396169e-08,3.126915132712223e-09,0.0021269446210866196,25.000259275667265,25.000000001782013,OK
1.0,1 mT,30.0,0.0012088749842538303,0.004835499937015321,0.0625469547942157,32,Litz 2000x0.20 mm,2.7876430904264113,0.007378626719579193,1.0000254787992033,0.5255101469950475,0.7993126446599101,1.1303987826543516,0.012721455847348037,0.4200469053902295,0.4200469053902295,0.0,0.0,0.00033571570536214526,0.0003357488028286754,0.004714209805052038,4.402554319154549e-07,2.814223619440999e-08,0.0063808338632598575,25.00025928153928,25.000000013207664,OK
1.0,1 mT,50.0,0.0012088749842538303,0.004835499937015321,0.0625469547942157,32,Litz 2000x0.20 mm,2.7876430904264113,0.007378960930707297,1.0000707744424313,0.8757949914310863,0.7993126446599101,1.1303987826543516,0.012721455847348037,0.7000340107806851,0.7000340107806851,0.0,0.0,0.0005595261756035753,0.0005595460365089934,0.004714423332777039,1.1235244069546916e-06,7.817287831780555e-08,0.010634723105433097,25.000259293283303,25.00000003370573,OK
1.0,1 mT,100.0,0.0012088749842538303,0.004835499937015321,0.0625469547942157,32,Litz 2000x0.20 mm,2.7876430904264113,0.007380527545346824,1.0002830977668826,1.751543360580116,0.7993126446599101,1.1303987826543516,0.012721455847348037,1.4000307557817993,0.39204951906631536,1.792023458048261,709.8933772442523,0.0011190523512071505,0.00031337013792254235,0.004715424243972993,4.029668350681302e-06,3.126915132712222e-07,0.021269446210866193,25.00025934833342,25.00000012089005,OK
1.0,1 mT,300.0,0.0012088749842538303,0.004835499937015321,0.0625469547942157,32,Litz 2000x0.20 mm,2.7876430904264113,0.007397238099620964,1.0025478796394571,5.254588639025937,0.7993126446599101,1.1303987826543516,0.012721455847348037,4.20005914165974,1.8107000228455923,2.3893646107310147,177.47334431106307,0.0033571570536214523,0.00144731542394647,0.0047261006288615215,3.096143217026476e-05,2.814223619441e-06,0.06380833863259858,25.000259935534586,25.000000928842965,OK
1.0,1 mT,500.0,0.0012088749842538303,0.004835499937015321,0.0625469547942157,32,Litz 2000x0.20 mm,2.7876430904264113,0.007430659197828273,1.0070774419830941,8.757642206086754,0.7993126446599101,1.1303987826543516,0.012721455847348037,7.000094152732453,1.2656305037400286,5.734475065754435,44.36833607776577,0.005595261756035753,0.0010116344651066966,0.004747453392031724,8.041389224935504e-05,7.817287831780554e-06,0.10634723105433096,25.000261109936563,25.000002412416766,OK
1.0,1 mT,1000.0,0.0012088749842538303,0.004835499937015321,0.0625469547942157,32,Litz 2000x0.20 mm,2.7876430904264113,0.00758732041189484,1.0283097405611576,17.515279750776887,0.7993126446599101,1.1303987826543516,0.012721455847348037,14.000184579551647,2.5312403996910895,11.46895013150887,11.092084019441442,0.011190523512071506,0.0020232524581470924,0.004847544351974754,0.0002955387914811523,3.1269151327122215e-05,0.2126944621086619,25.00026661493936,25.000008866163743,OK
1.0,1 mT,2000.0,0.0012088749842538303,0.004835499937015321,0.0625469547942157,32,Litz 2000x0.20 mm,2.7876430904264113,0.00821396223882586,1.113238524307524,35.03055717786046,0.7993126446599101,1.1303987826543516,0.012721455847348037,28.000367301745843,8.288111093951775,19.71225803853087,3.2267880783829646,0.02238104702414301,0.006624791997741734,0.005247906256302448,0.0010943091475589762,0.00012507660530848886,0.4253889242173238,25.000288634844097,25.000032829274428,OK
1.0,1 mT,3000.0,0.0012088749842538303,0.004835499937015321,0.0625469547942157,32,Litz 2000x0.20 mm,2.7876430904264113,0.00925835451286347,1.254785037444892,52.54583513792528,0.7993126446599101,1.1303987826543516,0.012721455847348037,42.00055044995869,8.120109666448988,33.88044350372494,1.2516026485849072,0.033571570536214526,0.006490506332417842,0.005915169215346606,0.0023614942666123923,0.00028142236194409994,0.6380833863259857,25.000325334306844,25.000070844828,OK
5.0,5 mT,3.0,0.006044374921269152,0.024177499685076608,0.0625469547942157,32,Litz 2000x0.20 mm,2.7876430904264113,0.007378440605751922,1.0000002547871614,0.053061342711973505,3.996563223299551,5.651993913271758,0.06360727923674019,0.21206301086156698,0.21206301086156698,0.0,0.0,0.0008392892634053632,0.0008475232302315118,0.11785227241991968,1.6814295707787888e-07,7.0355590486025e-09,0.003190416931629929,25.006481874983095,25.00000000504429,OK
5.0,5 mT,7.83,0.006044374921269152,0.024177499685076608,0.0625469547942157,32,Litz 2000x0.20 mm,2.7876430904264113,0.007378451532141936,1.0000017356410953,0.1373429664066836,3.996563223299551,5.651993913271758,0.06360727923674019,0.5488998485198173,0.5488998485198173,0.0,0.0,0.0021905449774879977,0.0021937129478689964,0.11785244694187645,9.526351196374733e-07,4.792693179498509e-08,0.008326988191554115,25.006481884581802,25.000000028579052,OK
5.0,5 mT,10.0,0.006044374921269152,0.024177499685076608,0.0625469547942157,32,Litz 2000x0.20 mm,2.7876430904264113,0.007378459614016803,1.0000028309778146,0.17530812412529564,3.996563223299551,5.651993913271758,0.06360727923674019,0.7006300016247894,0.7006300016247894,0.0,0.0,0.0027976308780178773,0.002800112097633938,0.117852576029765,1.4850097825990421e-06,7.817287831780555e-08,0.010634723105433097,25.006481891681638,25.000000044550294,OK
5.0,5 mT,30.0,0.006044374921269152,0.024177499685076608,0.0625469547942157,32,Litz 2000x0.20 mm,2.7876430904264113,0.007378626719579193,1.0000254787992033,0.5255101469950475,3.996563223299551,5.651993913271758,0.06360727923674019,2.1002345269511475,2.1002345269511475,0.0,0.0,0.008392892634053633,0.008393720070716886,0.11785524512630097,1.100638579788637e-05,7.0355590486025e-07,0.03190416931629929,25.006482038481945,25.000000330191575,OK
5.0,5 mT,50.0,0.006044374921269152,0.024177499685076608,0.0625469547942157,32,Litz 2000x0.20 mm,2.7876430904264113,0.007378960930707297,1.0000707744424313,0.8757949914310863,3.996563223299551,5.651993913271758,0.06360727923674019,3.500170053903425,3.500170053903425,0.0,0.0,0.013988154390089387,0.013988650912724837,0.117860583319426,2.8088110173867286e-05,1.9543219579451384e-06,0.05317361552716548,25.00648233208257,25.000000842643306,OK
5.0,5 mT,100.0,0.006044374921269152,0.024177499685076608,0.0625469547942157,32,Litz 2000x0.20 mm,2.7876430904264113,0.007380527545346824,1.0002830977668826,1.751543360580116,3.996563223299551,5.651993913271758,0.06360727923674019,7.000153778908996,1.9602475953315768,8.960117290241305,709.8933772442523,0.027976308780178774,0.00783425344806356,0.11788560609932486,0.00010074170876703258,7.817287831780554e-06,0.10634723105433096,25.006483708335463,25.000003022251263,OK
5.0,5 mT,300.0,0.006044374921269152,0.024177499685076608,0.0625469547942157,32,Litz 2000x0.20 mm,2.7876430904264113,0.007397238099620964,1.0025478796394571,5.254588639025937,3.996563223299551,5.651993913271758,0.06360727923674019,21.0002957082987,9.053500114227962,11.946823053655073,177.47334431106307,0.08392892634053632,0.03618288559866176,0.11815251572153807,0.000774035804256619,7.035559048602498e-05,0.31904169316299286,25.006498388364683,25.000023221074127,OK
5.0,5 mT,500.0,0.006044374921269152,0.024177499685076608,0.0625469547942157,32,Litz 2000x0.20 mm,2.7876430904264113,0.007430659197828273,1.0070774419830941,8.757642206086754,3.996563223299551,5.651993913271758,0.06360727923674019,35.000470763662264,6.328152518700143,28.67237532877218,44.36833607776577,0.13988154390089386,0.025290861627667416,0.11868633480079313,0.0020103473062338755,0.0001954321957945139,0.5317361552716549,25.006527748414044,25.000060310419187,OK
5.0,5 mT,1000.0,0.006044374921269152,0.024177499685076608,0.0625469547942157,32,Litz 2000x0.20 mm,2.7876430904264113,0.00758732041189484,1.0283097405611576,17.515279750776887,3.996563223299551,5.651993913271758,0.06360727923674019,70.00092289775823,12.65620199845545,57.34475065754436,11.092084019441442,0.2797630878017877,0.05058131145367733,0.12118860879936887,0.007388469787028809,0.0007817287831780556,1.0634723105433097,25.006665373483965,25.00022165409361,OK
5.0,5 mT,2000.0,0.006044374921269152,0.024177499685076608,0.0625469547942157,32,Litz 2000x0.20 mm,2.7876430904264113,0.00821396223882586,1.113238524307524,35.03055717786046,3.996563223299551,5.651993913271758,0.06360727923674019,140.0018365087292,41.44055546975888,98.56129019265435,3.2267880783829646,0.5595261756035754,0.16561979994354337,0.13119765640756123,0.027357728688974403,0.0031269151327122224,2.1269446210866194,25.007215871102417,25.00082073186067,OK
5.0,5 mT,3000.0,0.006044374921269152,0.024177499685076608,0.0625469547942157,32,Litz 2000x0.20 mm,2.7876430904264113,0.00925835451286347,1.254785037444892,52.54583513792528,3.996563223299551,5.651993913271758,0.06360727923674019,210.00275224979347,40.60054833224495,169.40221751862472,1.2516026485849072,0.8392892634053631,0.1622626583104461,0.14787923038366518,0.05903735666530979,0.007035559048602501,3.190416931629929,25.008133357671102,25.00177112069996,OK
10.0,10 mT,3.0,0.012088749842538304,0.048354999370153216,0.0625469547942157,32,Litz 2000x0.20 mm,2.7876430904264113,0.007378440605751922,1.0000002547871614,0.053061342711973505,7.993126446599102,11.303987826543516,0.12721455847348037,0.42412602172313396,0.42412602172313396,0.0,0.0,0.0033571570536214527,0.003390092920926047,0.4714090896796787,6.725718283115155e-07,2.814223619441e-08,0.006380833863259858,25.025927499932383,25.000000020177154,OK
10.0,10 mT,7.83,0.012088749842538304,0.048354999370153216,0.0625469547942157,32,Litz 2000x0.20 mm,2.7876430904264113,0.007378451532141936,1.0000017356410953,0.1373429664066836,7.993126446599102,11.303987826543516,0.12721455847348037,1.0977996970396346,1.0977996970396346,0.0,0.0,0.00876217990995199,0.008774851791475986,0.4714097877675058,3.8105404785498932e-06,1.9170772717994037e-07,0.01665397638310823,25.025927538327213,25.000000114316215,OK
10.0,10 mT,10.0,0.012088749842538304,0.048354999370153216,0.0625469547942157,32,Litz 2000x0.20 mm,2.7876430904264113,0.007378459614016803,1.0000028309778146,0.17530812412529564,7.993126446599102,11.303987826543516,0.12721455847348037,1.4012600032495788,1.4012600032495788,0.0,0.0,0.01119052351207151,0.011200448390535751,0.47141030411906,5.9400391303961685e-06,3.126915132712222e-07,0.021269446210866193,25.025927566726548,25.000000178201173,OK
10.0,10 mT,30.0,0.012088749842538304,0.048354999370153216,0.0625469547942157,32,Litz 2000x0.20 mm,2.7876430904264113,0.007378626719579193,1.0000254787992033,0.5255101469950475,7.993126446599102,11.303987826543516,0.12721455847348037,4.200469053902295,4.200469053902295,0.0,0.0,0.03357157053621453,0.03357488028286754,0.47142098050520387,4.402554319154548e-05,2.814223619441e-06,0.06380833863259858,25.025928153927786,25.000001320766295,OK
10.0,10 mT,50.0,0.012088749842538304,0.048354999370153216,0.0625469547942157,32,Litz 2000x0.20 mm,2.7876430904264113,0.007378960930707297,1.0000707744424313,0.8757949914310863,7.993126446599102,11.303987826543516,0.12721455847348037,7.00034010780685,7.00034010780685,0.0,0.0,0.05595261756035755,0.05595460365089935,0.471442333277704,0.00011235244069546914,7.817287831780554e-06,0.10634723105433096,25.025929328330275,25.00000337057322,OK
10.0,10 mT,100.0,0.012088749842538304,0.048354999370153216,0.0625469547942157,32,Litz 2000x0.20 mm,2.7876430904264113,0.007380527545346824,1.0002830977668826,1.751543360580116,7.993126446599102,11.303987826543516,0.12721455847348037,14.000307557817992,3.9204951906631536,17.92023458048261,709.8933772442523,0.1119052351207151,0.03133701379225424,0.47154242439729943,0.0004029668350681303,3.1269151327122215e-05,0.2126944621086619,25.02593483334185,25.00001208900505,OK
10.0,10 mT,300.0,0.012088749842538304,0.048354999370153216,0.0625469547942157,32,Litz 2000x0.20 mm,2.7876430904264113,0.007397238099620964,1.0025478796394571,5.254588639025937,7.993126446599102,11.303987826543516,0.12721455847348037,42.0005914165974,18.107000228455924,23.893646107310147,177.47334431106307,0.3357157053621453,0.14473154239464703,0.47261006288615226,0.003096143217026476,0.00028142236194409994,0.6380833863259857,25.02599355345874,25.00009288429651,OK
10.0,10 mT,500.0,0.012088749842538304,0.048354999370153216,0.0625469547942157,32,Litz 2000x0.20 mm,2.7876430904264113,0.007430659197828273,1.0070774419830941,8.757642206086754,7.993126446599102,11.303987826543516,0.12721455847348037,70.00094152732453,12.656305037400285,57.34475065754436,44.36833607776577,0.5595261756035754,0.10116344651066966,0.4747453392031725,0.008041389224935502,0.0007817287831780556,1.0634723105433097,25.026110993656175,25.000241241676747,OK
10.0,10 mT,1000.0,0.012088749842538304,0.048354999370153216,0.0625469547942157,32,Litz 2000x0.20 mm,2.7876430904264113,0.00758732041189484,1.0283097405611576,17.515279750776887,7.993126446599102,11.303987826543516,0.12721455847348037,140.00184579551646,25.3124039969109,114.68950131508872,11.092084019441442,1.1190523512071509,0.20232524581470931,0.48475443519747546,0.029553879148115237,0.0031269151327122224,2.1269446210866194,25.026661493935862,25.000886616374444,OK
10.0,10 mT,2000.0,0.012088749842538304,0.048354999370153216,0.0625469547942157,32,Litz 2000x0.20 mm,2.7876430904264113,0.00821396223882586,1.113238524307524,35.03055717786046,7.993126446599102,11.303987826543516,0.12721455847348037,280.0036730174584,82.88111093951775,197.1225803853087,3.2267880783829646,2.2381047024143017,0.6624791997741735,0.5247906256302449,0.10943091475589761,0.01250766053084889,4.253889242173239,25.028863484409662,25.003282927442676,OK
10.0,10 mT,3000.0,0.012088749842538304,0.048354999370153216,0.0625469547942157,32,Litz 2000x0.20 mm,2.7876430904264113,0.00925835451286347,1.254785037444892,52.54583513792528,7.993126446599102,11.303987826543516,0.12721455847348037,420.00550449958695,81.2010966644899,338.80443503724945,1.2516026485849072,3.3571570536214526,0.6490506332417844,0.5915169215346607,0.23614942666123917,0.028142236194410003,6.380833863259858,25.032533430684406,25.007084482799836,OK
50.0,50 mT,3.0,0.06044374921269152,0.24177499685076612,0.0625469547942157,32,Litz 2000x0.20 mm,2.7876430904264122,0.007378440605751922,1.0000002547871614,0.05306134271197352,39.9656322329955,56.51993913271757,0.6360727923674018,2.1206301086156696,2.1206301086156696,0.0,0.0,0.08392892634053632,0.08475232302315117,11.785227241991965,1.6814295707787896e-05,7.0355590486025e-07,0.03190416931629929,25.648187498309557,25.000000504428872,OK
50.0,50 mT,7.83,0.06044374921269152,0.24177499685076612,0.0625469547942157,32,Litz 2000x0.20 mm,2.7876430904264122,0.007378451532141936,1.0000017356410953,0.13734296640668364,39.9656322329955,56.51993913271757,0.6360727923674018,5.488998485198175,5.488998485198175,0.0,0.0,0.21905449774879984,0.21937129478689965,11.785244694187643,9.526351196374736e-05,4.792693179498508e-06,0.08326988191554115,25.64818845818032,25.000002857905358,OK
50.0,50 mT,10.0,0.06044374921269152,0.24177499685076612,0.0625469547942157,32,Litz 2000x0.20 mm,2.7876430904264122,0.007378459614016803,1.0000028309778146,0.1753081241252957,39.9656322329955,56.51993913271757,0.6360727923674018,7.006300016247894,7.006300016247894,0.0,0.0,0.27976308780178777,0.2800112097633938,11.785257602976497,0.0001485009782599043,7.817287831780554e-06,0.10634723105433096,25.648189168163707,25.000004455029348,OK
50.0,50 mT,30.0,0.06044374921269152,0.24177499685076612,0.0625469547942157,32,Litz 2000x0.20 mm,2.7876430904264122,0.007378626719579193,1.0000254787992033,0.5255101469950476,39.9656322329955,56.51993913271757,0.6360727923674018,21.002345269511476,21.002345269511476,0.0,0.0,0.8392892634053631,0.8393720070716885,11.785524512630094,0.0011006385797886374,7.035559048602498e-05,0.31904169316299286,25.648203848194655,25.000033019157392,OK
50.0,50 mT,50.0,0.06044374921269152,0.24177499685076612,0.0625469547942157,32,Litz 2000x0.20 mm,2.7876430904264122,0.007378960930707297,1.0000707744424313,0.8757949914310866,39.9656322329955,56.51993913271757,0.6360727923674018,35.00170053903426,35.00170053903426,0.0,0.0,1.398815439008939,1.3988650912724838,11.786058331942597,0.0028088110173867297,0.0001954321957945139,0.5317361552716549,25.648233208256844,25.00008426433052,OK
50.0,50 mT,100.0,0.06044374921269152,0.24177499685076612,0.0625469547942157,32,Litz 2000x0.20 mm,2.7876430904264122,0.007380527545346824,1.0002830977668826,1.7515433605801167,39.9656322329955,56.51993913271757,0.6360727923674018,70.00153778908998,19.602475953315757,89.60117290241305,709.8933772442521,2.797630878017878,0.7834253448063555,11.788560609932484,0.010074170876703259,0.0007817287831780556,1.0634723105433097,25.648370833546288,25.0003022251263,OK
50.0,50 mT,300.0,0.06044374921269152,0.24177499685076612,0.0625469547942157,32,Litz 2000x0.20 mm,2.7876430904264122,0.007397238099620964,1.0025478796394571,5.254588639025939,39.9656322329955,56.51993913271757,0.6360727923674018,210.00295708298702,90.53500114227964,119.46823053655075,177.47334431106302,8.392892634053633,3.618288559866176,11.815251572153803,0.07740358042566194,0.007035559048602501,3.190416931629929,25.649838836468458,25.00232210741277,OK
50.0,50 mT,500.0,0.06044374921269152,0.24177499685076612,0.0625469547942157,32,Litz 2000x0.20 mm,2.7876430904264122,0.007430659197828273,1.0070774419830941,8.757642206086757,39.9656322329955,56.51993913271757,0.6360727923674018,350.00470763662275,63.28152518700149,286.7237532877218,44.368336077765754,13.988154390089386,2.5290861627667436,11.86863348007931,0.20103473062338761,0.019543219579451383,5.317361552716548,25.652774841404362,25.006031041918703,OK
50.0,50 mT,1000.0,0.06044374921269152,0.24177499685076612,0.0625469547942157,32,Litz 2000x0.20 mm,2.7876430904264122,0.00758732041189484,1.0283097405611576,17.515279750776894,39.9656322329955,56.51993913271757,0.6360727923674018,700.0092289775824,126.56201998455461,573.4475065754436,11.092084019441439,27.976308780178773,5.058131145367737,12.118860879936884,0.7388469787028812,0.07817287831780553,10.634723105433096,25.666537348396528,25.022165409361087,OK
50.0,50 mT,2000.0,0.06044374921269152,0.24177499685076612,0.0625469547942157,32,Litz 2000x0.20 mm,2.7876430904264122,0.00821396223882586,1.113238524307524,35.03055717786047,39.9656322329955,56.51993913271757,0.6360727923674018,1400.0183650872925,414.4055546975887,985.612901926544,3.226788078382963,55.952617560357545,16.56197999435433,13.11976564075612,2.7357728688974414,0.31269151327122213,21.269446210866192,25.721587110241586,25.082073186066925,OK
50.0,50 mT,3000.0,0.06044374921269152,0.24177499685076612,0.0625469547942157,32,Litz 2000x0.20 mm,2.7876430904264122,0.00925835451286347,1.254785037444892,52.545835137925295,39.9656322329955,56.51993913271757,0.6360727923674018,2100.027522497935,406.0054833224494,1694.0221751862475,1.2516026485849068,83.92892634053632,16.2262658310446,14.787923038366513,5.903735666530983,0.7035559048602499,31.90416931629929,25.813335767110157,25.17711206999593,OK
